{"cameraMode":{"drawMode":0,"name":"Shaded","section":"Shading Mode"},"sceneLighting":false,"audioPlay":false,"sceneViewState":{"m_AlwaysRefresh":false,"showFog":true,"showSkybox":false,"showFlares":true,"showImageEffects":true,"showParticleSystems":true,"showVisualEffectGraphs":true,"m_FxEnabled":true},"in2DMode":false,"pivot":{"x":0.07891349494457245,"y":0.1720709502696991,"z":0.05087408423423767},"rotation":{"x":0.0031450586393475534,"y":0.9940454959869385,"z":-0.10506965965032578,"w":0.029817907139658929},"size":0.9570724368095398,"orthographic":false}