{"cameraMode":{"drawMode":0,"name":"Shaded","section":"Shading Mode"},"sceneLighting":false,"audioPlay":false,"sceneViewState":{"m_AlwaysRefresh":false,"showFog":true,"showSkybox":false,"showFlares":true,"showImageEffects":true,"showParticleSystems":true,"showVisualEffectGraphs":true,"m_FxEnabled":true},"in2DMode":false,"pivot":{"x":-21.229999542236329,"y":2.2799999713897707,"z":-0.2772659957408905},"rotation":{"x":0.1749025285243988,"y":-0.014144139364361763,"z":0.0025714244693517687,"w":0.9845824241638184},"size":1.4974420070648194,"orthographic":false}