{"cameraMode":{"drawMode":0,"name":"Shaded","section":"Shading Mode"},"sceneLighting":false,"audioPlay":false,"sceneViewState":{"m_AlwaysRefresh":false,"showFog":true,"showSkybox":false,"showFlares":true,"showImageEffects":true,"showParticleSystems":true,"showVisualEffectGraphs":true,"m_FxEnabled":true},"in2DMode":false,"pivot":{"x":-15.010000228881836,"y":5.260000228881836,"z":-0.26999998092651369},"rotation":{"x":0.1749025285243988,"y":-0.014144139364361763,"z":0.0025714244693517687,"w":0.9845824241638184},"size":1.7531728744506837,"orthographic":false}