{"cameraMode":{"drawMode":0,"name":"Shaded","section":"Shading Mode"},"sceneLighting":false,"audioPlay":false,"sceneViewState":{"m_AlwaysRefresh":false,"showFog":true,"showSkybox":true,"showFlares":true,"showImageEffects":true,"showParticleSystems":true,"showVisualEffectGraphs":true,"m_FxEnabled":true},"in2DMode":false,"pivot":{"x":-18.172700881958009,"y":3.3533742427825929,"z":0.21354618668556214},"rotation":{"x":0.11088615655899048,"y":-0.06046367436647415,"z":0.00678651686757803,"w":0.9920994639396668},"size":7.7062883377075199,"orthographic":false}