{"cameraMode":{"drawMode":0,"name":"Shaded","section":"Shading Mode"},"sceneLighting":false,"audioPlay":false,"sceneViewState":{"m_AlwaysRefresh":false,"showFog":true,"showSkybox":true,"showFlares":true,"showImageEffects":true,"showParticleSystems":true,"showVisualEffectGraphs":true,"m_FxEnabled":true},"in2DMode":false,"pivot":{"x":1102.3358154296875,"y":731.702880859375,"z":198.44273376464845},"rotation":{"x":0.0003099899331573397,"y":0.017130209133028985,"z":0.00005572299414779991,"w":0.999987006187439},"size":776.172607421875,"orthographic":false}