{"cameraMode":{"drawMode":0,"name":"Shaded","section":"Shading Mode"},"sceneLighting":false,"audioPlay":false,"sceneViewState":{"m_AlwaysRefresh":false,"showFog":true,"showSkybox":true,"showFlares":true,"showImageEffects":true,"showParticleSystems":true,"showVisualEffectGraphs":true,"m_FxEnabled":true},"in2DMode":false,"pivot":{"x":-11.498190879821778,"y":4.748143672943115,"z":-5.731811046600342},"rotation":{"x":0.23351263999938966,"y":-0.03437585383653641,"z":0.008322416804730893,"w":0.9718483686447144},"size":3.471276044845581,"orthographic":false}